id;first_name;last_name;email;country;car;card;work_sector
1;Giraldo;Bettam;Giraldo.Bettam@ctest.fr;France;Lincoln;visa;
2;Jocelyn;Redington;Jocelyn.Redington@ctest.fr;France;Plymouth;maestro;
3;Sadye;Ranscombe;Sadye.Ranscombe@ctest.fr;France;Dodge;mastercard;n/a
4;Wenonah;Albon;Wenonah.Albon@ctest.fr;France;Ford;americanexpress;Consumer Durables
5;Conant;Merigon;;France;;maestro;Health Care
6;Adlai;De Stanbra;Adlai.De Stanbra@ctest.fr;France;Audi;maestro;
7;Felizio;Stern;Felizio.Stern@ctest.fr;France;Mercury;maestro;Consumer Services
8;Myrta;Boston;Myrta.Boston@ctest.fr;Spain;Infiniti;mastercard;Miscellaneous
9;Fairlie;Naisbit;;France;;americanexpress;n/a
10;Abe;Hardaway;Abe.Hardaway@ctest.fr;France;Chevrolet;visa;
11;Alyse;Schimann;;France;;americanexpress;
12;Madelyn;Saggs;Madelyn.Saggs@ctest.fr;France;Volkswagen;visa;Finance
13;Bartie;Licciardiello;;France;;visa;Public Utilities
14;Myrle;Mumbeson;;France;;maestro;Miscellaneous
15;Indira;Jaqueme;Indira.Jaqueme@ctest.fr;France;Hummer;americanexpress;
16;Winston;Braunton;Winston.Braunton@ctest.fr;France;Ford;visa;
17;Ken;Gerding;;France;;maestro;Finance
18;Grenville;Minogue;Grenville.Minogue@ctest.fr;France;Jeep;mastercard;Capital Goods
19;Lind;Barlie;Lind.Barlie@ctest.fr;Spain;Ford;americanexpress;Public Utilities
20;Bess;Berrington;Bess.Berrington@ctest.fr;France;Ford;maestro;
21;Bibi;Francillo;Bibi.Francillo@ctest.fr;France;Suzuki;visa;
22;Burnaby;O' Dornan;;France;;mastercard;Finance
23;Ediva;Reape;;Spain;;visa;Finance
24;Mirilla;Basill;;France;;maestro;Consumer Services
25;Dido;Atchly;Dido.Atchly@ctest.fr;France;Buick;maestro;Technology
26;Konstantin;Shrigley;;Spain;;mastercard;Finance
27;Leanor;Cockren;Leanor.Cockren@ctest.fr;France;Mitsubishi;mastercard;
28;Cecelia;Landon;;France;;mastercard;
29;Ole;Averall;Ole.Averall@ctest.fr;France;Geo;mastercard;Health Care
30;Jessie;Hadlow;Jessie.Hadlow@ctest.fr;France;Suzuki;americanexpress;n/a
31;Helen;Early;;Germany;;maestro;Miscellaneous
32;Jenny;Frie;;France;;americanexpress;
33;Birdie;Jackling;;Germany;;maestro;
34;Paolo;Land;Paolo.Land@ctest.fr;France;Kia;maestro;n/a
35;Inness;Ullrich;Inness.Ullrich@ctest.fr;Spain;Honda;mastercard;Technology
36;Mellisa;Howling;;Belgium;;maestro;Energy
37;Rozelle;Outerbridge;;France;;maestro;Capital Goods
38;Brittani;Sarah;;France;;visa;Transportation
39;Carena;McKeaney;Carena.McKeaney@ctest.fr;France;Mazda;maestro;Finance
40;Charlie;Dosedale;Charlie.Dosedale@ctest.fr;France;Mazda;americanexpress;n/a
41;Marlee;Cray;Marlee.Cray@ctest.fr;France;Ford;visa;Technology
42;Layney;Fortin;Layney.Fortin@ctest.fr;France;Mazda;mastercard;Consumer Services
43;Emile;Floweth;Emile.Floweth@ctest.fr;Belgium;Mazda;maestro;Technology
44;Delia;Knivett;;France;;visa;
45;Roseann;Bean;Roseann.Bean@ctest.fr;Spain;Land Rover;visa;Capital Goods
46;Sianna;McCaughren;Sianna.McCaughren@ctest.fr;France;Chevrolet;americanexpress;
47;Tabby;Booi;Tabby.Booi@ctest.fr;France;Kia;maestro;Miscellaneous
48;Web;Duncklee;Web.Duncklee@ctest.fr;France;Volkswagen;maestro;
49;Inglis;Tomaino;Inglis.Tomaino@ctest.fr;France;Lexus;maestro;
50;Iorgo;Devons;Iorgo.Devons@ctest.fr;Italy;Lincoln;visa;Capital Goods
51;Louisa;Edds;Louisa.Edds@ctest.fr;France;Lotus;maestro;
52;Maribelle;Tolcharde;Maribelle.Tolcharde@ctest.fr;France;Rolls-Royce;mastercard;
53;Ardyce;Feldheim;Ardyce.Feldheim@ctest.fr;France;Pontiac;maestro;n/a
54;Norbie;McGarvie;Norbie.McGarvie@ctest.fr;France;Saab;visa;Finance
55;Rodolphe;Dulling;Rodolphe.Dulling@ctest.fr;France;Lincoln;maestro;
56;Waneta;Manger;Waneta.Manger@ctest.fr;France;Mazda;americanexpress;Technology
57;Antonetta;Lucock;Antonetta.Lucock@ctest.fr;Spain;Nissan;visa;
58;Spike;Guilayn;;Germany;;maestro;Technology
59;Blake;Beddo;;France;;visa;Miscellaneous
60;Jandy;Scrivener;;France;;visa;
61;Sophi;Browning;Sophi.Browning@ctest.fr;Italy;Isuzu;maestro;n/a
62;Hardy;McDiarmid;Hardy.McDiarmid@ctest.fr;France;Chrysler;mastercard;
63;Shannen;McGeffen;Shannen.McGeffen@ctest.fr;France;Lexus;americanexpress;Finance
64;Miller;Agius;;France;;mastercard;
65;Delly;Bosma;Delly.Bosma@ctest.fr;Germany;Mitsubishi;americanexpress;n/a
66;Saundra;Jordin;;France;;visa;
67;Wilburt;Lissandre;;Germany;;visa;Consumer Services
68;Hurlee;Antonazzi;Hurlee.Antonazzi@ctest.fr;Italy;Mazda;americanexpress;Health Care
69;Kriste;Kirvin;Kriste.Kirvin@ctest.fr;France;Chevrolet;americanexpress;Health Care
70;Melisse;Innott;Melisse.Innott@ctest.fr;Spain;Jeep;americanexpress;Transportation
71;Dilly;Keyse;;Switzerland;;mastercard;
72;Lotte;Skegg;Lotte.Skegg@ctest.fr;France;GMC;maestro;
73;Curcio;Probyn;;Germany;;mastercard;Health Care
74;Jens;Boissieux;Jens.Boissieux@ctest.fr;France;Nissan;mastercard;Energy
75;Buckie;Popescu;Buckie.Popescu@ctest.fr;Italy;Jeep;visa;Health Care
76;Hillel;Constanza;;France;;maestro;
77;Hailey;Izhakov;Hailey.Izhakov@ctest.fr;Spain;Mazda;mastercard;
78;Ludwig;Duchan;Ludwig.Duchan@ctest.fr;France;Ferrari;mastercard;Finance
79;Lowe;Assante;Lowe.Assante@ctest.fr;France;Chevrolet;visa;n/a
80;Tracee;Whisson;;France;;americanexpress;Miscellaneous
81;Mair;Izac;;France;;mastercard;
82;Ilka;Evitts;;France;;maestro;Technology
83;Zara;O' Bee;;France;;visa;Technology
84;Tersina;McLugish;Tersina.McLugish@ctest.fr;Spain;Lincoln;americanexpress;n/a
85;Jillane;Walden;Jillane.Walden@ctest.fr;France;Chevrolet;visa;Consumer Services
86;Gregg;Lars;;France;;americanexpress;Consumer Durables
87;Cointon;Smorfit;;France;;visa;Finance
88;Ilsa;Ferrick;Ilsa.Ferrick@ctest.fr;France;Mitsubishi;americanexpress;
89;Markos;Domel;Markos.Domel@ctest.fr;Germany;Audi;americanexpress;Basic Industries
90;Regen;Frankham;Regen.Frankham@ctest.fr;France;Audi;maestro;
91;Eberhard;Pleat;;France;;visa;Capital Goods
92;Pollyanna;Tulley;;France;;visa;Public Utilities
93;Ally;Pizzey;;Spain;;maestro;Energy
94;Licha;Labadini;Licha.Labadini@ctest.fr;France;Suzuki;americanexpress;
95;Chester;Schall;Chester.Schall@ctest.fr;France;Chevrolet;maestro;
96;Chariot;Meaton;Chariot.Meaton@ctest.fr;France;Volvo;mastercard;Public Utilities
97;Gaston;Du Plantier;Gaston.Du Plantier@ctest.fr;Germany;Volkswagen;visa;
98;Michell;Prujean;Michell.Prujean@ctest.fr;France;Plymouth;maestro;
99;Quent;Barnaclough;Quent.Barnaclough@ctest.fr;France;Audi;americanexpress;Consumer Durables
100;Melisenda;Bissill;Melisenda.Bissill@ctest.fr;Belgium;Pontiac;mastercard;
101;Birch;Lambillion;Birch.Lambillion@ctest.fr;France;Volvo;mastercard;Finance
102;Ruth;McFade;Ruth.McFade@ctest.fr;Germany;Toyota;maestro;Finance
103;Nataline;Link;;Germany;;mastercard;n/a
104;Dolf;Corneljes;;France;;maestro;Health Care
105;Franny;Father;;France;;maestro;Health Care
106;Corri;McGilmartin;;France;;maestro;Consumer Services
107;Lia;Dunderdale;;Spain;;mastercard;
108;Wyatt;Bruck;Wyatt.Bruck@ctest.fr;Germany;Acura;mastercard;Public Utilities
109;Kirsteni;Oxnam;Kirsteni.Oxnam@ctest.fr;France;Volvo;visa;n/a
110;Margarete;Pettinger;Margarete.Pettinger@ctest.fr;France;Chevrolet;mastercard;
111;Felisha;Pogson;;Spain;;maestro;
112;Rosalyn;Easterling;Rosalyn.Easterling@ctest.fr;France;Mercedes-Benz;americanexpress;Energy
113;Hermann;Gresswood;Hermann.Gresswood@ctest.fr;France;Volkswagen;mastercard;Finance
114;Tawnya;Sirette;Tawnya.Sirette@ctest.fr;France;Dodge;mastercard;Consumer Services
115;Allin;Cornelisse;Allin.Cornelisse@ctest.fr;Spain;Infiniti;maestro;n/a
116;Shell;Elloy;;France;;mastercard;Consumer Services
117;Eolande;Klosa;;France;;mastercard;n/a
118;Marcus;Eustice;;France;;americanexpress;
119;Loren;Drinan;Loren.Drinan@ctest.fr;France;Lincoln;mastercard;n/a
120;Arturo;Legrand;Arturo.Legrand@ctest.fr;France;Ford;visa;
121;Wake;Eltune;Wake.Eltune@ctest.fr;France;Mercury;visa;Public Utilities
122;Granny;Cogman;Granny.Cogman@ctest.fr;France;GMC;maestro;
123;Katuscha;Stubbs;;France;;maestro;
124;Brenden;Mileham;;Germany;;americanexpress;
125;Jodi;Hobbert;Jodi.Hobbert@ctest.fr;France;Plymouth;visa;Finance
126;Fabian;Corten;;France;;maestro;Basic Industries
127;Doll;Burnie;Doll.Burnie@ctest.fr;France;BMW;americanexpress;Basic Industries
128;Dru;Vurley;;Germany;;americanexpress;Consumer Services
129;Alleen;Quilligan;Alleen.Quilligan@ctest.fr;Germany;Ford;maestro;
130;Grier;Chaters;;France;;mastercard;
131;Essa;Castanos;;France;;maestro;Public Utilities
132;Clementius;Arro;Clementius.Arro@ctest.fr;France;Mitsubishi;maestro;Health Care
133;Camila;Gradly;;France;;americanexpress;Finance
134;Shanta;Hann;Shanta.Hann@ctest.fr;France;Pontiac;visa;
135;Bastian;Delamaine;Bastian.Delamaine@ctest.fr;Germany;Bentley;visa;
136;Sergio;Cullagh;Sergio.Cullagh@ctest.fr;Italy;GMC;visa;
137;Blythe;Woodyer;Blythe.Woodyer@ctest.fr;France;Mercury;visa;
138;Carri;Growcock;Carri.Growcock@ctest.fr;France;Volvo;maestro;Finance
139;Kermy;Gabbatt;;France;;americanexpress;Finance
140;Sashenka;Pluvier;Sashenka.Pluvier@ctest.fr;France;Chevrolet;visa;n/a
141;Agathe;Swanston;Agathe.Swanston@ctest.fr;France;Suzuki;mastercard;Finance
142;Katine;Crippin;Katine.Crippin@ctest.fr;France;Jeep;americanexpress;
143;Denys;Grandin;;Spain;;mastercard;Basic Industries
144;Scarlet;Pavlenko;;France;;americanexpress;Technology
145;Micah;Sustin;;France;;maestro;Health Care
146;Annice;Tetley;Annice.Tetley@ctest.fr;France;GMC;maestro;
147;Win;Seage;Win.Seage@ctest.fr;France;Ford;mastercard;
148;Rich;Bacchus;Rich.Bacchus@ctest.fr;France;Dodge;mastercard;Health Care
149;Maegan;Perrinchief;Maegan.Perrinchief@ctest.fr;France;Ford;maestro;Health Care
150;Marissa;Sizzey;Marissa.Sizzey@ctest.fr;France;Toyota;americanexpress;
151;Guinna;Lodovichi;Guinna.Lodovichi@ctest.fr;France;Ford;visa;Energy
152;Albertine;Allicock;Albertine.Allicock@ctest.fr;France;BMW;visa;
153;Pyotr;Raccio;Pyotr.Raccio@ctest.fr;France;Buick;americanexpress;
154;Theobald;Masters;Theobald.Masters@ctest.fr;Spain;GMC;visa;
155;Joannes;Moohan;Joannes.Moohan@ctest.fr;France;GMC;mastercard;Capital Goods
156;Betty;Bodemeaid;;France;;americanexpress;
157;Aristotle;Conningham;Aristotle.Conningham@ctest.fr;France;Cadillac;visa;Consumer Services
158;Katina;Baggarley;;France;;maestro;
159;Belva;Waymont;Belva.Waymont@ctest.fr;France;Pontiac;americanexpress;Consumer Non-Durables
160;Roxana;Macourek;Roxana.Macourek@ctest.fr;Germany;Mercury;visa;n/a
161;Bethina;Broggio;Bethina.Broggio@ctest.fr;France;Ford;visa;n/a
162;Gallagher;Zettler;Gallagher.Zettler@ctest.fr;Spain;Mitsubishi;americanexpress;
163;Fanya;Bendixen;Fanya.Bendixen@ctest.fr;France;Volkswagen;americanexpress;
164;Rita;Nelthrop;;France;;maestro;
165;Ive;Mont;;Germany;;maestro;Technology
166;Anny;Treadger;Anny.Treadger@ctest.fr;Spain;Mitsubishi;mastercard;Energy
167;Carlie;Habble;Carlie.Habble@ctest.fr;France;Pontiac;mastercard;
168;Sheff;Crookshank;Sheff.Crookshank@ctest.fr;France;Pontiac;visa;
169;Mick;Tong;;France;;mastercard;Health Care
170;Cherye;Sans;Cherye.Sans@ctest.fr;France;Buick;americanexpress;Miscellaneous
171;Brendis;Pepperell;Brendis.Pepperell@ctest.fr;Italy;Land Rover;americanexpress;n/a
172;Shelli;Forrest;;France;;visa;Energy
173;Rori;Lovatt;Rori.Lovatt@ctest.fr;France;Chevrolet;americanexpress;Transportation
174;Cobb;Valler;Cobb.Valler@ctest.fr;France;Ford;mastercard;Capital Goods
175;Tommie;Vasilyevski;Tommie.Vasilyevski@ctest.fr;France;Maserati;mastercard;
176;Matthieu;Money;Matthieu.Money@ctest.fr;France;Mercedes-Benz;maestro;
177;Tracy;Lafferty;;France;;maestro;
178;Babara;Lean;;France;;mastercard;Consumer Services
179;Viviyan;Deavin;Viviyan.Deavin@ctest.fr;France;Audi;visa;Consumer Non-Durables
180;Debbi;Bradburn;Debbi.Bradburn@ctest.fr;France;Audi;maestro;n/a
181;Tommy;Pettiford;Tommy.Pettiford@ctest.fr;France;Mercedes-Benz;americanexpress;
182;Bessy;McCluin;;France;;mastercard;Public Utilities
183;Veronique;Jablonski;Veronique.Jablonski@ctest.fr;Germany;Lincoln;visa;n/a
184;Kristopher;Dabel;Kristopher.Dabel@ctest.fr;France;Saab;visa;
185;Nikolai;Youings;Nikolai.Youings@ctest.fr;France;GMC;maestro;Basic Industries
186;Aubert;Grayer;;France;;americanexpress;
187;Stefania;Giacaponi;;France;;maestro;
188;Currie;Gayter;Currie.Gayter@ctest.fr;Germany;Nissan;americanexpress;
189;Kennedy;Oneal;Kennedy.Oneal@ctest.fr;Germany;BMW;mastercard;n/a
190;Dell;Muriel;Dell.Muriel@ctest.fr;France;Toyota;americanexpress;Capital Goods
191;Bonnee;Kineton;Bonnee.Kineton@ctest.fr;France;Buick;americanexpress;n/a
192;Burg;Syred;;France;;americanexpress;Technology
193;Pauletta;Haddy;Pauletta.Haddy@ctest.fr;France;Infiniti;americanexpress;
194;Celisse;Arrow;Celisse.Arrow@ctest.fr;Germany;Maybach;visa;n/a
195;Doroteya;De'Vere - Hunt;Doroteya.De'Vere - Hunt@ctest.fr;France;Chevrolet;maestro;
196;Ebeneser;Puden;Ebeneser.Puden@ctest.fr;France;Saab;maestro;Energy
197;Templeton;Dobsons;Templeton.Dobsons@ctest.fr;France;Jeep;maestro;
198;Bank;Pic;Bank.Pic@ctest.fr;France;Toyota;mastercard;
199;Loralyn;Solman;;France;;americanexpress;Health Care
200;Raynard;Rajchert;;France;;maestro;Finance
201;Spencer;Silverthorn;Spencer.Silverthorn@ctest.fr;Germany;Land Rover;maestro;Consumer Non-Durables
202;Alecia;Plaid;;Spain;;mastercard;Consumer Non-Durables
203;Jacob;Gley;Jacob.Gley@ctest.fr;Spain;Acura;mastercard;Transportation
204;Gabriell;Arrow;Gabriell.Arrow@ctest.fr;France;Toyota;visa;Finance
205;Fancie;Hobell;;France;;visa;
206;Andris;McMichan;Andris.McMichan@ctest.fr;France;Ford;mastercard;Consumer Durables
207;Beatrix;Brind;;France;;visa;
208;Ingelbert;Jollie;Ingelbert.Jollie@ctest.fr;France;Ford;maestro;n/a
209;Minnaminnie;Baudichon;Minnaminnie.Baudichon@ctest.fr;France;Mazda;maestro;n/a
210;Glenna;Elcox;;Spain;;mastercard;Miscellaneous
211;Mycah;Locarno;Mycah.Locarno@ctest.fr;France;Ford;americanexpress;Public Utilities
212;Cameron;Sturr;Cameron.Sturr@ctest.fr;Germany;Audi;mastercard;Finance
213;Westley;Clemmett;Westley.Clemmett@ctest.fr;France;Ford;mastercard;
214;Valentine;Van Ross;Valentine.Van Ross@ctest.fr;France;Isuzu;americanexpress;Consumer Services
215;Benn;Reeves;Benn.Reeves@ctest.fr;France;Buick;mastercard;
216;Ewen;Mullinder;;Germany;;mastercard;
217;Gladi;Brothers;Gladi.Brothers@ctest.fr;Belgium;Lotus;visa;
218;Kelcey;Calton;;France;;americanexpress;Public Utilities
219;Rudie;Dench;;France;;mastercard;Health Care
220;Electra;Bugler;;France;;maestro;n/a
221;Yulma;Landy;Yulma.Landy@ctest.fr;France;Pontiac;americanexpress;Finance
222;Brynne;Davidofski;Brynne.Davidofski@ctest.fr;France;Audi;americanexpress;Capital Goods
223;Dugald;Lineen;;France;;maestro;n/a
224;Justino;Dennett;Justino.Dennett@ctest.fr;France;Lexus;americanexpress;
225;Clementia;Dorkin;Clementia.Dorkin@ctest.fr;France;Dodge;americanexpress;
226;Anette;Asche;;France;;mastercard;
227;Clarabelle;Crouch;Clarabelle.Crouch@ctest.fr;France;Mercury;maestro;
228;Vicky;Dugdale;Vicky.Dugdale@ctest.fr;Spain;Dodge;maestro;
229;Willey;De Ambrosi;;France;;maestro;
230;Van;Byllam;Van.Byllam@ctest.fr;France;Subaru;americanexpress;
231;Clayborn;Carlucci;Clayborn.Carlucci@ctest.fr;France;Jaguar;visa;
232;Ilise;Bogace;Ilise.Bogace@ctest.fr;France;Buick;maestro;
233;Giffard;Meade;Giffard.Meade@ctest.fr;France;Volkswagen;visa;Public Utilities
234;Marla;Antonov;;France;;maestro;
235;Gail;Fawdrie;Gail.Fawdrie@ctest.fr;France;Audi;visa;
236;Quinton;Dhillon;Quinton.Dhillon@ctest.fr;France;Mazda;americanexpress;Basic Industries
237;Cora;Soper;;France;;visa;n/a
238;Franny;Ruppel;Franny.Ruppel@ctest.fr;France;Chevrolet;visa;
239;Angelo;Hearmon;Angelo.Hearmon@ctest.fr;Germany;Lexus;visa;Technology
240;Odessa;Sawnwy;Odessa.Sawnwy@ctest.fr;France;Nissan;visa;
241;Ronalda;Excell;Ronalda.Excell@ctest.fr;France;Subaru;visa;
242;Jamie;Boshers;;France;;visa;Technology
243;Bibby;Alentyev;Bibby.Alentyev@ctest.fr;France;Dodge;americanexpress;Technology
244;Natalie;McHan;;France;;mastercard;Miscellaneous
245;Loren;Lecointe;Loren.Lecointe@ctest.fr;France;Oldsmobile;americanexpress;Health Care
246;Rosemary;Staden;Rosemary.Staden@ctest.fr;France;Lexus;maestro;Capital Goods
247;Leon;Bouette;;Germany;;americanexpress;n/a
248;Orazio;Dearnaley;Orazio.Dearnaley@ctest.fr;France;Hyundai;maestro;n/a
249;Ellis;Hayland;Ellis.Hayland@ctest.fr;France;Volkswagen;americanexpress;
250;Tani;O'Hern;;Germany;;mastercard;
251;Christiane;Heymes;Christiane.Heymes@ctest.fr;France;Chevrolet;maestro;
252;Maisie;Rust;;France;;maestro;Finance
253;Patrick;Capey;Patrick.Capey@ctest.fr;France;Saturn;mastercard;
254;Augusta;Gawn;;France;;maestro;Technology
255;Nickey;McKennan;;France;;americanexpress;Technology
256;Filmore;Bennison;;Spain;;americanexpress;Public Utilities
257;Leonard;Skeat;Leonard.Skeat@ctest.fr;Germany;Saab;visa;
258;Petey;Mackness;Petey.Mackness@ctest.fr;France;Acura;maestro;Consumer Services
259;Orv;Bourgour;Orv.Bourgour@ctest.fr;France;Mercury;mastercard;n/a
260;Bernardina;Van Halle;Bernardina.Van Halle@ctest.fr;France;Toyota;visa;Consumer Durables
261;Moira;Barwis;;Germany;;visa;
262;Rafaela;Digweed;Rafaela.Digweed@ctest.fr;France;BMW;visa;Finance
263;Barbette;Byfford;Barbette.Byfford@ctest.fr;France;Oldsmobile;americanexpress;Finance
264;Reynold;Cutmare;Reynold.Cutmare@ctest.fr;France;Chevrolet;visa;n/a
265;Dane;Wadsworth;;Spain;;americanexpress;Finance
266;Reinhard;Ossipenko;Reinhard.Ossipenko@ctest.fr;France;Nissan;visa;
267;Rosamond;Breheny;Rosamond.Breheny@ctest.fr;France;Oldsmobile;visa;Consumer Services
268;Audrey;Attew;;France;;americanexpress;Finance
269;Devland;Hyam;;France;;americanexpress;Energy
270;Lucia;Elintune;Lucia.Elintune@ctest.fr;France;Lexus;americanexpress;Technology
271;Hildagard;Halford;;France;;americanexpress;
272;Evelyn;McGaughie;;France;;americanexpress;n/a
273;Amalea;Kienzle;Amalea.Kienzle@ctest.fr;Italy;Volvo;mastercard;
274;Kennie;Woodyear;;France;;americanexpress;
275;Leyla;Kornousek;Leyla.Kornousek@ctest.fr;France;Hyundai;mastercard;n/a
276;Kimball;Barron;Kimball.Barron@ctest.fr;France;Volkswagen;visa;
277;Gae;Mixhel;Gae.Mixhel@ctest.fr;France;Ford;visa;n/a
278;Rey;Egarr;Rey.Egarr@ctest.fr;France;Mazda;maestro;
279;Alfreda;Humberston;Alfreda.Humberston@ctest.fr;France;Land Rover;maestro;
280;Barrie;Ovenden;Barrie.Ovenden@ctest.fr;France;Hyundai;mastercard;
281;Laina;Pheasant;;France;;visa;
282;Enrica;McKee;;France;;visa;Finance
283;Mabel;Sreenan;;France;;americanexpress;n/a
284;Maximilien;Roches;Maximilien.Roches@ctest.fr;France;Lincoln;visa;
285;Waly;Wilks;Waly.Wilks@ctest.fr;France;Honda;americanexpress;
286;Lammond;Wiburn;Lammond.Wiburn@ctest.fr;France;Dodge;visa;Energy
287;Judas;Volonte;;France;;mastercard;
288;Flor;Jeune;;France;;americanexpress;n/a
289;Cacilie;Yerlett;Cacilie.Yerlett@ctest.fr;France;Nissan;maestro;n/a
290;Miltie;Fosten;;Germany;;maestro;Finance
291;Johnna;Graal;Johnna.Graal@ctest.fr;Spain;Buick;americanexpress;
292;Jacquetta;Myford;Jacquetta.Myford@ctest.fr;France;Chevrolet;visa;Consumer Durables
293;Trix;Sjollema;;France;;mastercard;Finance
294;Domenico;Simpson;;France;;americanexpress;
295;Ingemar;Venners;Ingemar.Venners@ctest.fr;France;Mitsubishi;americanexpress;Health Care
296;Bartholomew;Honatsch;;France;;americanexpress;Consumer Services
297;Rudyard;Faithfull;Rudyard.Faithfull@ctest.fr;France;Chevrolet;visa;
298;Belia;Myatt;Belia.Myatt@ctest.fr;France;Mazda;maestro;Finance
299;Filmer;Suttle;Filmer.Suttle@ctest.fr;France;Hyundai;americanexpress;
300;Gerik;La Wille;Gerik.La Wille@ctest.fr;France;Mazda;mastercard;
301;Leandra;Gosselin;;France;;visa;
302;Josephine;Pirelli;Josephine.Pirelli@ctest.fr;Spain;Buick;maestro;n/a
303;Catherin;Fuxman;;Belgium;;mastercard;Energy
304;Jeanette;Bouette;Jeanette.Bouette@ctest.fr;France;Nissan;americanexpress;
305;Mignonne;Steward;Mignonne.Steward@ctest.fr;France;Infiniti;mastercard;
306;Fair;Case;;France;;americanexpress;
307;Dre;Wallworke;Dre.Wallworke@ctest.fr;France;Dodge;mastercard;
308;Marni;Lineham;Marni.Lineham@ctest.fr;France;Mazda;americanexpress;Finance
309;Constantine;Goodfellow;;Italy;;americanexpress;Technology
310;Win;Ramsdale;;France;;mastercard;Consumer Services
311;Rianon;Minghetti;Rianon.Minghetti@ctest.fr;France;Cadillac;mastercard;
312;Woodrow;Dalgety;Woodrow.Dalgety@ctest.fr;Italy;Honda;mastercard;Consumer Non-Durables
313;Debra;Mityushkin;Debra.Mityushkin@ctest.fr;France;Isuzu;maestro;n/a
314;Robinetta;Chrisp;Robinetta.Chrisp@ctest.fr;France;Hyundai;americanexpress;
315;Iris;Ethridge;Iris.Ethridge@ctest.fr;France;Chrysler;visa;Consumer Services
316;Karlen;Pegden;Karlen.Pegden@ctest.fr;France;Mercedes-Benz;mastercard;
317;Lanie;Syphus;Lanie.Syphus@ctest.fr;France;Bentley;americanexpress;
318;Chloe;Pretswell;Chloe.Pretswell@ctest.fr;France;Ford;visa;n/a
319;Teressa;Alpin;Teressa.Alpin@ctest.fr;Spain;Audi;mastercard;Capital Goods
320;Gram;Butteris;;Spain;;americanexpress;
321;Miller;Timbs;Miller.Timbs@ctest.fr;France;Subaru;mastercard;n/a
322;Beth;Chavez;Beth.Chavez@ctest.fr;France;Toyota;americanexpress;n/a
323;Barnabe;Hakonsson;Barnabe.Hakonsson@ctest.fr;Germany;GMC;maestro;n/a
324;Briant;Bluschke;Briant.Bluschke@ctest.fr;France;Lexus;mastercard;
325;Hernando;Stiggers;Hernando.Stiggers@ctest.fr;Germany;GMC;visa;
326;Derwin;Rymill;Derwin.Rymill@ctest.fr;France;Porsche;visa;Energy
327;Sigrid;Billam;Sigrid.Billam@ctest.fr;France;BMW;americanexpress;n/a
328;Rusty;Castaner;;France;;maestro;Technology
329;Tedi;Soldan;Tedi.Soldan@ctest.fr;France;BMW;mastercard;Energy
330;Juliana;Brandenburg;Juliana.Brandenburg@ctest.fr;France;Mazda;mastercard;
331;Rainer;Biggins;;France;;americanexpress;n/a
332;Davin;Whistan;Davin.Whistan@ctest.fr;France;Chevrolet;americanexpress;Technology
333;Nara;Rootes;Nara.Rootes@ctest.fr;Spain;Honda;visa;
334;Cam;MacGahy;Cam.MacGahy@ctest.fr;France;Chevrolet;visa;Finance
335;Emmerich;Iacopetti;Emmerich.Iacopetti@ctest.fr;Spain;Subaru;visa;
336;Ofella;Belle;;France;;americanexpress;Technology
337;Edmund;Scutter;;France;;visa;
338;Clari;Northern;Clari.Northern@ctest.fr;France;Ford;visa;
339;Tulley;Winsom;Tulley.Winsom@ctest.fr;France;Volkswagen;mastercard;Finance
340;Edin;Noni;;France;;maestro;Energy
341;Madison;Cassells;;France;;visa;Finance
342;Willyt;Goade;Willyt.Goade@ctest.fr;France;Chevrolet;visa;Technology
343;Drud;Oake;Drud.Oake@ctest.fr;France;Maserati;americanexpress;
344;Paolina;Pickerell;;France;;maestro;Health Care
345;Sissy;O'Shields;;France;;maestro;
346;Bathsheba;Begley;;France;;visa;Consumer Services
347;Dorothee;Dowdney;Dorothee.Dowdney@ctest.fr;France;Audi;mastercard;Capital Goods
348;Olia;Shapcote;Olia.Shapcote@ctest.fr;France;Ford;maestro;Health Care
349;Adriena;Standrin;Adriena.Standrin@ctest.fr;France;Volkswagen;americanexpress;Capital Goods
350;Ailbert;Charlewood;Ailbert.Charlewood@ctest.fr;France;Mazda;visa;Consumer Non-Durables
351;Hedda;Gwinnel;;France;;mastercard;n/a
352;Webster;Anwell;Webster.Anwell@ctest.fr;France;Dodge;americanexpress;
353;Roxy;Pietruszka;Roxy.Pietruszka@ctest.fr;Switzerland;Ford;mastercard;n/a
354;Fin;Milnes;Fin.Milnes@ctest.fr;France;GMC;americanexpress;Health Care
355;Ashien;Flavelle;Ashien.Flavelle@ctest.fr;France;Ford;americanexpress;Energy
356;Miner;Middlemiss;;France;;americanexpress;Finance
357;Josepha;Tewkesbury;;France;;mastercard;Health Care
358;Cheryl;Zipsell;;France;;americanexpress;Capital Goods
359;Lewes;Sainteau;Lewes.Sainteau@ctest.fr;France;Volvo;mastercard;n/a
360;Aubrey;Larmett;Aubrey.Larmett@ctest.fr;France;GMC;visa;
361;Brenda;Di Meo;Brenda.Di Meo@ctest.fr;France;Volkswagen;mastercard;Technology
362;Gwyneth;Pursey;Gwyneth.Pursey@ctest.fr;France;Saturn;mastercard;n/a
363;Dugald;Warricker;Dugald.Warricker@ctest.fr;France;Cadillac;mastercard;Finance
364;Cherie;Archell;;France;;maestro;
365;Filia;Stebbings;Filia.Stebbings@ctest.fr;France;Ford;mastercard;n/a
366;Tresa;Challener;Tresa.Challener@ctest.fr;France;Chevrolet;americanexpress;
367;Page;Hornig;Page.Hornig@ctest.fr;France;GMC;mastercard;
368;Raynor;Entwistle;Raynor.Entwistle@ctest.fr;France;Toyota;maestro;
369;Dniren;Geeson;;France;;mastercard;
370;Bartie;Bedow;Bartie.Bedow@ctest.fr;Germany;Subaru;visa;
371;Gwenny;McCome;;France;;mastercard;Basic Industries
372;Skelly;McCleod;;Germany;;maestro;Finance
373;Kippy;Pascho;Kippy.Pascho@ctest.fr;France;Lexus;maestro;Consumer Services
374;Cherye;O Mullen;;France;;visa;
375;Elsey;Radloff;Elsey.Radloff@ctest.fr;Germany;BMW;americanexpress;
376;Wallache;Armin;;France;;maestro;Technology
377;Franzen;Oakton;Franzen.Oakton@ctest.fr;France;Volvo;mastercard;
378;Valida;Milan;;France;;visa;
379;Julienne;Taborre;;France;;mastercard;Public Utilities
380;Ulric;Thomsen;Ulric.Thomsen@ctest.fr;France;BMW;mastercard;Health Care
381;Cinnamon;Vanyatin;Cinnamon.Vanyatin@ctest.fr;France;Audi;visa;n/a
382;Filberto;Burle;Filberto.Burle@ctest.fr;France;Lincoln;mastercard;
383;Edie;Allwell;Edie.Allwell@ctest.fr;France;Dodge;maestro;Health Care
384;Heath;Rickman;Heath.Rickman@ctest.fr;France;BMW;maestro;Energy
385;Stacee;Leming;Stacee.Leming@ctest.fr;France;Volkswagen;maestro;
386;Shane;Haggerwood;Shane.Haggerwood@ctest.fr;France;Mercury;maestro;Miscellaneous
387;Sonny;Dibley;Sonny.Dibley@ctest.fr;France;Pontiac;mastercard;n/a
388;Rosaleen;Hazley;Rosaleen.Hazley@ctest.fr;France;Suzuki;maestro;
389;Roda;Karlqvist;Roda.Karlqvist@ctest.fr;France;Toyota;maestro;n/a
390;Michel;Slamaker;Michel.Slamaker@ctest.fr;France;Spyker;visa;
391;Daren;Szymczyk;Daren.Szymczyk@ctest.fr;France;Subaru;visa;
392;Remington;MacDermand;Remington.MacDermand@ctest.fr;France;Honda;visa;Consumer Non-Durables
393;Farley;O'Hdirscoll;;France;;visa;n/a
394;Magdalena;Dealey;Magdalena.Dealey@ctest.fr;France;Saab;americanexpress;Health Care
395;Carmine;Pauleau;Carmine.Pauleau@ctest.fr;Germany;Alfa Romeo;maestro;n/a
396;Valentia;Eglington;;France;;mastercard;Health Care
397;Rurik;Leddy;Rurik.Leddy@ctest.fr;France;Cadillac;maestro;n/a
398;Raoul;Goggins;;France;;maestro;Technology
399;Yorker;Courson;Yorker.Courson@ctest.fr;France;Buick;maestro;
400;Mack;Grim;Mack.Grim@ctest.fr;France;Lamborghini;maestro;
401;Eveleen;Thalmann;Eveleen.Thalmann@ctest.fr;France;Lexus;visa;Consumer Services
402;Christye;Spadoni;Christye.Spadoni@ctest.fr;Germany;GMC;mastercard;Finance
403;Nils;Jacobssen;Nils.Jacobssen@ctest.fr;Italy;GMC;americanexpress;
404;Pete;Llorens;Pete.Llorens@ctest.fr;France;Mercury;visa;Finance
405;Prentice;Bony;Prentice.Bony@ctest.fr;France;Suzuki;mastercard;Energy
406;Theadora;Milazzo;Theadora.Milazzo@ctest.fr;France;GMC;visa;n/a
407;Claresta;Keynes;Claresta.Keynes@ctest.fr;France;Subaru;maestro;Consumer Services
408;Benedick;Perschke;;France;;maestro;Health Care
409;Mozelle;Grimstead;Mozelle.Grimstead@ctest.fr;France;GMC;americanexpress;Finance
410;Bobbie;Blackston;;France;;mastercard;Technology
411;Calypso;Medhurst;Calypso.Medhurst@ctest.fr;France;Honda;mastercard;
412;Doretta;Curphey;Doretta.Curphey@ctest.fr;France;Dodge;visa;Transportation
413;Sherry;Szach;;France;;mastercard;Health Care
414;Nancey;Justice;;France;;americanexpress;
415;Aleta;Texton;;Spain;;maestro;
416;Joaquin;Stallybrass;Joaquin.Stallybrass@ctest.fr;Spain;Lotus;maestro;
417;Yalonda;Grinley;;France;;americanexpress;
418;Mehetabel;Mowbury;Mehetabel.Mowbury@ctest.fr;France;Volkswagen;visa;
419;Umeko;Barber;Umeko.Barber@ctest.fr;France;Nissan;maestro;n/a
420;Dennis;Spraging;Dennis.Spraging@ctest.fr;France;Nissan;mastercard;
421;Fran;Askham;Fran.Askham@ctest.fr;Italy;Chevrolet;americanexpress;Technology
422;Alfy;Follos;;France;;maestro;
423;Dody;Shorto;Dody.Shorto@ctest.fr;France;Mercedes-Benz;visa;Energy
424;Alison;Murdoch;Alison.Murdoch@ctest.fr;France;Acura;maestro;Consumer Services
425;Xylia;Keyho;Xylia.Keyho@ctest.fr;France;Nissan;mastercard;
426;Niki;Wildbore;Niki.Wildbore@ctest.fr;France;Toyota;mastercard;Health Care
427;Lilla;Koppen;;France;;visa;
428;Benjamin;Curley;Benjamin.Curley@ctest.fr;France;Honda;visa;
429;Lammond;Osgodby;Lammond.Osgodby@ctest.fr;France;Ford;maestro;
430;Valene;Floch;;France;;mastercard;Health Care
431;Hildagarde;Labeuil;Hildagarde.Labeuil@ctest.fr;France;Pontiac;maestro;
432;Rudie;Shoard;Rudie.Shoard@ctest.fr;France;Jeep;mastercard;
433;Terri;Bentsen;;Germany;;americanexpress;
434;Perkin;Craney;Perkin.Craney@ctest.fr;France;Buick;maestro;Finance
435;Reece;Bluck;Reece.Bluck@ctest.fr;France;Ford;mastercard;
436;Bernadene;Charpin;Bernadene.Charpin@ctest.fr;Spain;Mercedes-Benz;americanexpress;n/a
437;Rodolfo;Guerrier;Rodolfo.Guerrier@ctest.fr;Italy;GMC;maestro;
438;Andreas;Van Der Weedenburg;Andreas.Van Der Weedenburg@ctest.fr;France;Nissan;visa;Health Care
439;Brit;Rubi;;France;;maestro;Finance
440;Clementina;Mayberry;;France;;visa;
441;Lyndel;Stanway;Lyndel.Stanway@ctest.fr;France;Chevrolet;visa;
442;Josepha;Di Bartolommeo;Josepha.Di Bartolommeo@ctest.fr;France;Mazda;visa;
443;Dorris;Yearsley;Dorris.Yearsley@ctest.fr;France;Dodge;maestro;
444;Frances;Denziloe;;Germany;;americanexpress;n/a
445;Emelia;Albon;Emelia.Albon@ctest.fr;Spain;Jeep;mastercard;
446;Waylen;Nertney;Waylen.Nertney@ctest.fr;France;Mitsubishi;maestro;Finance
447;Maudie;Comber;;France;;americanexpress;Consumer Services
448;Kimble;Di Frisco;;France;;mastercard;
449;Ester;Luscombe;Ester.Luscombe@ctest.fr;France;Ford;americanexpress;
450;Jamima;Garett;Jamima.Garett@ctest.fr;Spain;Chevrolet;maestro;
451;Camila;Laddle;Camila.Laddle@ctest.fr;France;Mercedes-Benz;americanexpress;Technology
452;Ruthann;Bachs;Ruthann.Bachs@ctest.fr;France;Suzuki;visa;Consumer Services
453;Agneta;Wickey;;Germany;;mastercard;Technology
454;Udell;Corragan;Udell.Corragan@ctest.fr;France;Honda;visa;
455;Yancey;Dafter;Yancey.Dafter@ctest.fr;Switzerland;Mazda;maestro;
456;Merrielle;Lillgard;;Germany;;mastercard;
457;Nicola;Beech;Nicola.Beech@ctest.fr;France;Subaru;americanexpress;n/a
458;Melania;Quantrell;;France;;mastercard;
459;Lolly;Chalk;Lolly.Chalk@ctest.fr;France;Lexus;maestro;
460;Marcia;Alexandersen;;France;;americanexpress;n/a
461;Salaidh;Struys;Salaidh.Struys@ctest.fr;Spain;Nissan;mastercard;n/a
462;Modestia;Greader;Modestia.Greader@ctest.fr;Spain;Honda;visa;Consumer Services
463;King;Ingold;;France;;mastercard;
464;Dulci;Hasnip;;France;;americanexpress;n/a
465;Giustino;Seif;;France;;mastercard;Capital Goods
466;Rhody;Parsonage;Rhody.Parsonage@ctest.fr;France;Porsche;maestro;Technology
467;Raf;Stoltz;Raf.Stoltz@ctest.fr;France;Acura;mastercard;
468;Fernanda;MacAindreis;Fernanda.MacAindreis@ctest.fr;France;Mitsubishi;americanexpress;n/a
469;Nedda;Brimelow;Nedda.Brimelow@ctest.fr;France;Honda;americanexpress;
470;Merv;Shutler;Merv.Shutler@ctest.fr;France;Mitsubishi;americanexpress;Finance
471;Nikolaos;Le Franc;Nikolaos.Le Franc@ctest.fr;France;Pontiac;visa;Public Utilities
472;Ethe;Duthy;Ethe.Duthy@ctest.fr;France;Chevrolet;maestro;n/a
473;Caroline;Bunyard;Caroline.Bunyard@ctest.fr;France;Ford;mastercard;
474;Luce;Michal;Luce.Michal@ctest.fr;France;GMC;americanexpress;
475;Vladamir;Charlson;Vladamir.Charlson@ctest.fr;France;Jeep;maestro;
476;Clemmy;Rackham;Clemmy.Rackham@ctest.fr;France;Mazda;visa;Finance
477;Genna;Tomson;;France;;mastercard;Consumer Services
478;Flss;Shermar;;Belgium;;mastercard;n/a
479;Fredra;Harman;Fredra.Harman@ctest.fr;France;Ford;visa;Consumer Services
480;Cosimo;Maudlen;;Germany;;mastercard;
481;Elianora;Urien;Elianora.Urien@ctest.fr;France;Eagle;mastercard;
482;Jo-anne;Frew;Jo-anne.Frew@ctest.fr;France;Mazda;maestro;n/a
483;Crista;Airs;;France;;americanexpress;Health Care
484;Delinda;Patrone;Delinda.Patrone@ctest.fr;France;Honda;americanexpress;Transportation
485;Philippine;Collings;;France;;americanexpress;Public Utilities
486;Mathias;Scotchford;Mathias.Scotchford@ctest.fr;France;Nissan;visa;Health Care
487;Eveline;McAsgill;Eveline.McAsgill@ctest.fr;Switzerland;Volvo;americanexpress;
488;Thom;Ochterlony;Thom.Ochterlony@ctest.fr;France;Acura;americanexpress;Energy
489;Hedi;Waliszewski;Hedi.Waliszewski@ctest.fr;France;Maserati;mastercard;
490;Jorey;Laviste;;France;;visa;Consumer Non-Durables
491;Lonnard;Haliburton;Lonnard.Haliburton@ctest.fr;France;Saab;mastercard;
492;Noami;Senyard;Noami.Senyard@ctest.fr;France;Acura;americanexpress;Health Care
493;Caterina;Gaffon;Caterina.Gaffon@ctest.fr;France;Honda;mastercard;
494;Byran;Packwood;Byran.Packwood@ctest.fr;France;Cadillac;mastercard;n/a
495;Bessy;Bartosek;Bessy.Bartosek@ctest.fr;France;Hummer;visa;Consumer Services
496;Robinett;Nussii;Robinett.Nussii@ctest.fr;France;Chevrolet;mastercard;
497;Bud;Frary;;France;;maestro;Capital Goods
498;Erin;Charlick;Erin.Charlick@ctest.fr;France;Honda;maestro;
499;Briney;Barnhart;;France;;mastercard;n/a
500;Viviyan;Bunney;Viviyan.Bunney@ctest.fr;France;Land Rover;americanexpress;n/a
501;Skye;Bon;;France;;visa;
502;Morten;Drexel;Morten.Drexel@ctest.fr;Belgium;Ram;maestro;n/a
503;Bevan;Sivyour;Bevan.Sivyour@ctest.fr;Germany;Chevrolet;maestro;n/a
504;Sashenka;Hurn;;France;;visa;
505;Cherilynn;Donald;;France;;visa;
506;Peyter;Carlozzi;;Belgium;;americanexpress;Public Utilities
507;Karilynn;Moncrieffe;;France;;mastercard;Health Care
508;Horton;Bedome;Horton.Bedome@ctest.fr;France;Chevrolet;americanexpress;n/a
509;Lief;Hardaway;Lief.Hardaway@ctest.fr;France;Pontiac;visa;Technology
510;Bernita;Pigney;Bernita.Pigney@ctest.fr;France;Lexus;visa;Finance
511;Del;Studdeard;Del.Studdeard@ctest.fr;France;Volkswagen;visa;Public Utilities
512;Jerrold;Carnall;Jerrold.Carnall@ctest.fr;Germany;Buick;mastercard;
513;Gweneth;MacVaugh;Gweneth.MacVaugh@ctest.fr;France;Dodge;americanexpress;
514;Vachel;Levee;;France;;mastercard;
515;Merwyn;Splevin;;France;;americanexpress;Technology
516;Larine;Landre;Larine.Landre@ctest.fr;France;Volvo;americanexpress;
517;Gustavo;Saunder;Gustavo.Saunder@ctest.fr;France;Ford;mastercard;Technology
518;Ky;Hickin;;France;;americanexpress;
519;Gabbie;Kennett;Gabbie.Kennett@ctest.fr;France;Hyundai;visa;n/a
520;Melitta;Jolliff;;France;;mastercard;Energy
521;Flori;Reeveley;;France;;maestro;
522;Agustin;Patty;Agustin.Patty@ctest.fr;France;Pontiac;maestro;
523;Friederike;Walbridge;Friederike.Walbridge@ctest.fr;France;Ford;visa;
524;Earvin;Verny;Earvin.Verny@ctest.fr;France;Acura;visa;Consumer Services
525;Starla;Gwillyam;Starla.Gwillyam@ctest.fr;France;Toyota;americanexpress;
526;Maurizio;Levi;Maurizio.Levi@ctest.fr;France;Land Rover;americanexpress;
527;Leona;Venable;Leona.Venable@ctest.fr;France;Land Rover;americanexpress;Consumer Durables
528;Lesly;Halleybone;Lesly.Halleybone@ctest.fr;Italy;Dodge;americanexpress;Consumer Services
529;Tess;Kedward;Tess.Kedward@ctest.fr;France;Mazda;visa;
530;Loree;Woodall;Loree.Woodall@ctest.fr;France;GMC;mastercard;n/a
531;Evin;Gipp;Evin.Gipp@ctest.fr;France;Porsche;maestro;Public Utilities
532;Elita;Beamond;Elita.Beamond@ctest.fr;France;Ford;visa;
533;Natty;Jude;Natty.Jude@ctest.fr;France;Lexus;visa;
534;Gracia;Zouch;Gracia.Zouch@ctest.fr;France;Infiniti;americanexpress;Health Care
535;Sioux;Willas;Sioux.Willas@ctest.fr;Spain;Volkswagen;americanexpress;Finance
536;Camila;Cunliffe;Camila.Cunliffe@ctest.fr;Germany;Volvo;visa;Capital Goods
537;Rickie;Berka;;France;;americanexpress;
538;Ariana;Draxford;Ariana.Draxford@ctest.fr;France;Mitsubishi;visa;Energy
539;Catlaina;Mantram;Catlaina.Mantram@ctest.fr;France;Oldsmobile;mastercard;Basic Industries
540;Dame;Mallalieu;Dame.Mallalieu@ctest.fr;France;Kia;americanexpress;
541;Edwina;Nibley;;France;;maestro;
542;Patsy;Runge;Patsy.Runge@ctest.fr;France;Saturn;visa;Basic Industries
543;Aube;Longthorne;Aube.Longthorne@ctest.fr;France;Ford;visa;
544;Tina;O'Mohun;Tina.O'Mohun@ctest.fr;France;Nissan;maestro;Health Care
545;Melinda;Escritt;Melinda.Escritt@ctest.fr;France;Dodge;americanexpress;Technology
546;Dion;Bubeer;;France;;maestro;Technology
547;Daisi;Deeney;Daisi.Deeney@ctest.fr;France;Nissan;maestro;Technology
548;Howie;Mungan;;France;;visa;Capital Goods
549;Fabe;Mattheeuw;Fabe.Mattheeuw@ctest.fr;France;Dodge;maestro;Health Care
550;Fiona;Caunt;Fiona.Caunt@ctest.fr;Spain;Nissan;maestro;Consumer Services
551;Lefty;Janca;Lefty.Janca@ctest.fr;Germany;Nissan;americanexpress;Consumer Services
552;Minetta;Dale;Minetta.Dale@ctest.fr;France;Suzuki;mastercard;Capital Goods
553;Ferd;MacFadzean;Ferd.MacFadzean@ctest.fr;France;Dodge;mastercard;n/a
554;Alix;Olivier;Alix.Olivier@ctest.fr;Spain;Mercedes-Benz;mastercard;
555;Othello;Morris;;France;;americanexpress;Consumer Services
556;Camellia;Trippack;;France;;visa;n/a
557;Mariya;Cuthill;;France;;maestro;
558;Inga;Chasteau;Inga.Chasteau@ctest.fr;France;Nissan;mastercard;Finance
559;Farley;Boutellier;Farley.Boutellier@ctest.fr;France;Isuzu;maestro;Consumer Durables
560;Granny;Noteyoung;;France;;maestro;n/a
561;Kenny;Ickeringill;Kenny.Ickeringill@ctest.fr;France;Ford;mastercard;Energy
562;Eolande;Filippyev;;France;;mastercard;Consumer Durables
563;Frederick;Hyett;Frederick.Hyett@ctest.fr;Italy;Chrysler;americanexpress;n/a
564;Matthias;Wakenshaw;;France;;americanexpress;
565;Theresita;Stegell;Theresita.Stegell@ctest.fr;Germany;Chevrolet;maestro;Capital Goods
566;Stevena;Cardenas;Stevena.Cardenas@ctest.fr;Germany;Dodge;mastercard;
567;Lyndell;Hinstridge;;France;;maestro;Transportation
568;Whit;Kalkofen;Whit.Kalkofen@ctest.fr;France;Pontiac;maestro;
569;Amye;Slite;;France;;americanexpress;
570;Gayler;Dann;Gayler.Dann@ctest.fr;France;MINI;americanexpress;Technology
571;Cointon;Sleit;Cointon.Sleit@ctest.fr;France;Toyota;visa;
572;Oates;Walrond;Oates.Walrond@ctest.fr;France;Honda;maestro;
573;Mufi;Rosberg;;Spain;;visa;Health Care
574;Gilbertina;Toderi;;France;;americanexpress;Technology
575;Leland;Maxwaile;;Germany;;mastercard;
576;Vera;Evemy;;France;;americanexpress;
577;Deidre;Showering;;France;;americanexpress;
578;Carolina;Aymeric;Carolina.Aymeric@ctest.fr;France;Eagle;maestro;
579;Karlens;Hastings;Karlens.Hastings@ctest.fr;Germany;Mitsubishi;maestro;Technology
580;Josephine;Moff;;France;;visa;Energy
581;Ermanno;Spensly;Ermanno.Spensly@ctest.fr;France;Chevrolet;maestro;Consumer Services
582;Farra;Earnshaw;Farra.Earnshaw@ctest.fr;France;Volkswagen;visa;
583;Jourdan;Roostan;Jourdan.Roostan@ctest.fr;France;Lincoln;americanexpress;Finance
584;Georges;MacCall;Georges.MacCall@ctest.fr;Germany;Subaru;maestro;n/a
585;Augusta;Kellog;Augusta.Kellog@ctest.fr;France;Audi;visa;Capital Goods
586;Tucky;Rampton;Tucky.Rampton@ctest.fr;France;Chrysler;visa;
587;Anson;Lavallie;Anson.Lavallie@ctest.fr;France;Geo;americanexpress;n/a
588;Fifine;Sealeaf;Fifine.Sealeaf@ctest.fr;France;Lincoln;maestro;Consumer Non-Durables
589;Herminia;Clayson;Herminia.Clayson@ctest.fr;France;Infiniti;maestro;Basic Industries
590;Biron;Holdron;;France;;visa;Health Care
591;Angeli;Linklet;;France;;mastercard;n/a
592;Albert;Piscopello;Albert.Piscopello@ctest.fr;France;Dodge;mastercard;Energy
593;Zarah;Burbudge;;Italy;;mastercard;
594;Kaleena;Sibbit;;France;;mastercard;
595;Zondra;Dougharty;;Belgium;;visa;Finance
596;Betsey;MacLure;Betsey.MacLure@ctest.fr;France;Nissan;visa;Health Care
597;Cos;Rohlfs;Cos.Rohlfs@ctest.fr;Germany;Chevrolet;mastercard;
598;Ainslee;Scuffham;Ainslee.Scuffham@ctest.fr;France;Volkswagen;mastercard;
599;Franni;Burgiss;Franni.Burgiss@ctest.fr;France;GMC;mastercard;
600;Anthony;Dussy;Anthony.Dussy@ctest.fr;Italy;Dodge;visa;
601;Algernon;Joint;Algernon.Joint@ctest.fr;France;Mazda;maestro;Basic Industries
602;Lucine;Madden;Lucine.Madden@ctest.fr;Germany;Infiniti;maestro;n/a
603;Verile;Castillou;;Germany;;maestro;Technology
604;Nonna;Chatelet;;Germany;;maestro;
605;Dewitt;Roote;Dewitt.Roote@ctest.fr;France;Mercedes-Benz;americanexpress;
606;Brunhilde;Tureville;Brunhilde.Tureville@ctest.fr;France;Kia;visa;
607;Orelle;Droogan;Orelle.Droogan@ctest.fr;France;Suzuki;maestro;n/a
608;Ermina;Loseby;Ermina.Loseby@ctest.fr;Spain;GMC;mastercard;Technology
609;Willie;Waldrum;Willie.Waldrum@ctest.fr;France;Toyota;americanexpress;
610;Feodor;Fowlston;;France;;mastercard;
611;Lars;Airdrie;Lars.Airdrie@ctest.fr;France;Dodge;maestro;
612;Nat;Verbrugge;Nat.Verbrugge@ctest.fr;France;Infiniti;americanexpress;n/a
613;Sophey;MacElharge;;Spain;;mastercard;Technology
614;Elnar;Stallebrass;Elnar.Stallebrass@ctest.fr;France;Dodge;maestro;
615;Giacomo;Nairns;Giacomo.Nairns@ctest.fr;France;Mercedes-Benz;mastercard;Consumer Services
616;Tammy;Mixworthy;;France;;mastercard;Consumer Services
617;Shelli;Bowerman;Shelli.Bowerman@ctest.fr;France;GMC;maestro;
618;Ammamaria;Shawcroft;Ammamaria.Shawcroft@ctest.fr;Spain;GMC;visa;Technology
619;Trixy;Blackledge;;France;;visa;Basic Industries
620;Orly;Gull;Orly.Gull@ctest.fr;France;Lotus;maestro;
621;Darwin;McGhee;;France;;mastercard;Capital Goods
622;Alon;Maciak;Alon.Maciak@ctest.fr;Spain;Volkswagen;maestro;Finance
623;Joby;Bampford;Joby.Bampford@ctest.fr;Spain;Subaru;mastercard;
624;Florencia;Berrick;Florencia.Berrick@ctest.fr;France;GMC;americanexpress;Technology
625;Eda;Longfoot;Eda.Longfoot@ctest.fr;France;BMW;visa;Energy
626;Alicia;Brian;;France;;visa;
627;Annmarie;De Wolfe;;France;;americanexpress;
628;Alidia;Alyokhin;Alidia.Alyokhin@ctest.fr;France;Pontiac;americanexpress;
629;Hector;Rodgers;Hector.Rodgers@ctest.fr;France;Buick;maestro;
630;Lexi;Warmington;Lexi.Warmington@ctest.fr;France;Chevrolet;visa;Finance
631;Ara;Oloshin;Ara.Oloshin@ctest.fr;France;Mitsubishi;maestro;Consumer Services
632;Biron;Monkhouse;Biron.Monkhouse@ctest.fr;Spain;Eagle;maestro;
633;Kit;Berrecloth;;France;;visa;Consumer Services
634;Perri;Tadgell;Perri.Tadgell@ctest.fr;France;Dodge;visa;n/a
635;Garnet;Varey;Garnet.Varey@ctest.fr;France;Honda;maestro;Technology
636;Parrnell;Kemp;Parrnell.Kemp@ctest.fr;France;Chevrolet;visa;Consumer Durables
637;Adan;McSpirron;Adan.McSpirron@ctest.fr;France;Ford;visa;Energy
638;Michaela;Vasilevich;Michaela.Vasilevich@ctest.fr;France;Audi;maestro;
639;Delila;Lindl;;France;;americanexpress;Consumer Non-Durables
640;Culley;Few;;France;;visa;
641;Lorrayne;Brookbank;;France;;visa;Technology
642;Lisle;Rosenblad;Lisle.Rosenblad@ctest.fr;France;Ford;americanexpress;Technology
643;Gillie;Wudeland;;Spain;;americanexpress;
644;Giovanni;Stathor;Giovanni.Stathor@ctest.fr;Germany;GMC;mastercard;Consumer Services
645;Patti;Worsalls;;Spain;;mastercard;
646;Roderic;Sandells;;France;;americanexpress;Consumer Services
647;Hodge;Lammin;Hodge.Lammin@ctest.fr;France;GMC;visa;Finance
648;Fremont;Dinsey;;Italy;;visa;
649;Zared;Garling;Zared.Garling@ctest.fr;France;Mazda;mastercard;Finance
650;Freddy;Hansmann;;France;;maestro;Basic Industries
651;Heywood;O' Donohoe;Heywood.O' Donohoe@ctest.fr;France;Mitsubishi;visa;
652;Salem;Trengove;Salem.Trengove@ctest.fr;France;Nissan;visa;n/a
653;Loni;Oldcroft;Loni.Oldcroft@ctest.fr;France;BMW;maestro;n/a
654;Burk;Torritti;Burk.Torritti@ctest.fr;France;Chrysler;mastercard;
655;Imogene;Theze;Imogene.Theze@ctest.fr;Germany;Plymouth;maestro;n/a
656;Zahara;Gatward;;France;;visa;
657;Harbert;Lebbern;Harbert.Lebbern@ctest.fr;France;Ford;maestro;Health Care
658;Cy;Hollyard;;France;;mastercard;Health Care
659;Cherri;Jeenes;Cherri.Jeenes@ctest.fr;France;Chevrolet;visa;Finance
660;Milli;Grayshan;Milli.Grayshan@ctest.fr;France;BMW;mastercard;n/a
661;Sigrid;Mintram;Sigrid.Mintram@ctest.fr;France;Ford;visa;
662;Kristo;Gilmour;Kristo.Gilmour@ctest.fr;Italy;BMW;mastercard;
663;Mic;Garrigan;;Spain;;americanexpress;
664;Ulberto;Aggus;Ulberto.Aggus@ctest.fr;France;Hyundai;mastercard;
665;Ibby;Shearme;;France;;maestro;
666;Trixi;Ninnoli;Trixi.Ninnoli@ctest.fr;France;Nissan;mastercard;
667;Kenn;Orwin;;France;;visa;
668;Doro;Younger;;France;;visa;Public Utilities
669;Tripp;Popplewell;Tripp.Popplewell@ctest.fr;France;Land Rover;mastercard;Basic Industries
670;Franklyn;Lambot;;France;;americanexpress;
671;Renata;Priditt;Renata.Priditt@ctest.fr;France;Chevrolet;americanexpress;
672;Nobe;Pickover;;France;;mastercard;Capital Goods
673;Aylmer;Alfonsini;Aylmer.Alfonsini@ctest.fr;France;GMC;visa;
674;Reginauld;Quinnette;;France;;americanexpress;Consumer Durables
675;Alfred;De Morena;;France;;maestro;
676;Mano;Nevett;Mano.Nevett@ctest.fr;France;Oldsmobile;americanexpress;
677;Lacy;McCartney;Lacy.McCartney@ctest.fr;Spain;Audi;mastercard;Consumer Non-Durables
678;Josiah;Boden;Josiah.Boden@ctest.fr;France;Mercedes-Benz;mastercard;
679;Cindra;Bathow;Cindra.Bathow@ctest.fr;France;Audi;maestro;
680;Katrine;Hildrew;;France;;visa;Consumer Services
681;Novelia;Herreran;Novelia.Herreran@ctest.fr;France;Ford;americanexpress;
682;Mason;Tipper;Mason.Tipper@ctest.fr;France;Chevrolet;maestro;
683;Armand;Habard;Armand.Habard@ctest.fr;France;Suzuki;maestro;n/a
684;Glenna;Frichley;;France;;maestro;n/a
685;Joey;McGowan;;France;;mastercard;Health Care
686;Ignaz;Elvish;Ignaz.Elvish@ctest.fr;France;Volvo;mastercard;Energy
687;Cary;Maysor;Cary.Maysor@ctest.fr;France;Toyota;mastercard;n/a
688;Silvana;Sedgebeer;Silvana.Sedgebeer@ctest.fr;France;Lincoln;visa;
689;Halsy;Marioneau;Halsy.Marioneau@ctest.fr;France;Kia;maestro;
690;Ardyth;Riggeard;Ardyth.Riggeard@ctest.fr;France;Volvo;maestro;
691;Abbie;Panting;Abbie.Panting@ctest.fr;France;Cadillac;visa;Health Care
692;Carilyn;Gouldstraw;Carilyn.Gouldstraw@ctest.fr;France;Pontiac;visa;Consumer Services
693;Zachary;Yate;Zachary.Yate@ctest.fr;France;Honda;visa;n/a
694;Orton;Orts;Orton.Orts@ctest.fr;France;Ford;maestro;Miscellaneous
695;Sibbie;Winyard;Sibbie.Winyard@ctest.fr;France;Toyota;americanexpress;
696;Marta;Reitenbach;Marta.Reitenbach@ctest.fr;France;Mazda;mastercard;
697;Angelle;Lidgey;Angelle.Lidgey@ctest.fr;France;Cadillac;visa;
698;Elmore;Levings;Elmore.Levings@ctest.fr;France;Subaru;maestro;
699;Juan;Tuiller;Juan.Tuiller@ctest.fr;Spain;Audi;mastercard;n/a
700;Hilliary;Heigho;;France;;mastercard;
701;Roselin;Moyers;Roselin.Moyers@ctest.fr;France;GMC;maestro;
702;Yelena;Byers;;France;;mastercard;Finance
703;Rochette;Pridgeon;Rochette.Pridgeon@ctest.fr;France;Nissan;maestro;Consumer Services
704;Ernesto;Wantling;Ernesto.Wantling@ctest.fr;France;Pontiac;mastercard;
705;Barney;Halton;;Italy;;mastercard;
706;Darda;Yakubov;Darda.Yakubov@ctest.fr;France;GMC;mastercard;Consumer Services
707;Aguistin;Kilkenny;Aguistin.Kilkenny@ctest.fr;France;Mercury;americanexpress;
708;Brion;Hinckley;;France;;mastercard;
709;Cornell;Arend;Cornell.Arend@ctest.fr;France;Volvo;mastercard;Health Care
710;Mortie;Spacie;Mortie.Spacie@ctest.fr;France;Alfa Romeo;maestro;
711;Gaby;Tofful;Gaby.Tofful@ctest.fr;France;Alfa Romeo;americanexpress;Public Utilities
712;Web;MacGille;;Spain;;mastercard;
713;Rufe;Donhardt;Rufe.Donhardt@ctest.fr;France;Ford;maestro;Basic Industries
714;Petra;Bicknell;Petra.Bicknell@ctest.fr;France;Pontiac;maestro;
715;Jessica;Upshall;;France;;maestro;Health Care
716;Anastassia;Eslemont;Anastassia.Eslemont@ctest.fr;France;Jaguar;mastercard;n/a
717;Lizzy;Lowres;Lizzy.Lowres@ctest.fr;France;Chevrolet;maestro;Consumer Durables
718;Salomon;Nassau;;Germany;;maestro;Basic Industries
719;Odilia;Agirre;;Germany;;americanexpress;Health Care
720;Kit;Derisley;Kit.Derisley@ctest.fr;Spain;Ford;americanexpress;
721;Marylynne;Pattle;;France;;mastercard;
722;Meggie;Olivetta;Meggie.Olivetta@ctest.fr;France;Volkswagen;visa;Capital Goods
723;Sonnie;Antoniou;Sonnie.Antoniou@ctest.fr;France;Land Rover;visa;Finance
724;Aland;Ainsley;Aland.Ainsley@ctest.fr;France;GMC;visa;Consumer Services
725;Cecelia;Skerritt;Cecelia.Skerritt@ctest.fr;France;Buick;maestro;
726;Ellyn;Juliano;Ellyn.Juliano@ctest.fr;Switzerland;Toyota;americanexpress;n/a
727;Duncan;Gatenby;Duncan.Gatenby@ctest.fr;France;Cadillac;visa;
728;Marika;Dundin;;France;;mastercard;
729;Ileane;Meenehan;Ileane.Meenehan@ctest.fr;France;Isuzu;mastercard;
730;Lidia;Bezarra;;France;;maestro;
731;Erwin;Olivie;;France;;mastercard;
732;Kennedy;Zmitrichenko;;France;;mastercard;
733;Christian;Mattecot;;France;;maestro;Energy
734;Cynthea;Osipenko;Cynthea.Osipenko@ctest.fr;France;Hyundai;maestro;Consumer Services
735;Cirilo;Coolahan;Cirilo.Coolahan@ctest.fr;France;MINI;americanexpress;
736;Renata;Mayoral;Renata.Mayoral@ctest.fr;France;Ford;americanexpress;Public Utilities
737;Coletta;Maseres;Coletta.Maseres@ctest.fr;France;Hyundai;mastercard;Health Care
738;Aldon;Rubie;Aldon.Rubie@ctest.fr;France;Lotus;mastercard;
739;Frieda;Dunseith;Frieda.Dunseith@ctest.fr;France;Aston Martin;mastercard;Health Care
740;Fawne;Ioselevich;Fawne.Ioselevich@ctest.fr;France;Lotus;maestro;Technology
741;Kristy;Skene;;France;;maestro;Technology
742;Kiley;Smaile;;France;;maestro;
743;Row;Mandal;Row.Mandal@ctest.fr;France;Buick;americanexpress;Basic Industries
744;Nelie;Winton;Nelie.Winton@ctest.fr;France;Dodge;mastercard;Technology
745;Elyssa;Angric;;France;;americanexpress;Health Care
746;Elenore;Giovani;Elenore.Giovani@ctest.fr;France;Buick;mastercard;Finance
747;Brnaba;Stave;;France;;maestro;Basic Industries
748;Tann;Drissell;Tann.Drissell@ctest.fr;France;Mercedes-Benz;mastercard;Capital Goods
749;Federico;Tipling;;Spain;;americanexpress;Consumer Non-Durables
750;Ellwood;Hambers;Ellwood.Hambers@ctest.fr;France;GMC;americanexpress;
751;Adrianne;Caile;Adrianne.Caile@ctest.fr;France;Chrysler;mastercard;
752;Barb;MacCallum;Barb.MacCallum@ctest.fr;France;Mercedes-Benz;maestro;Consumer Durables
753;Lotte;Grouvel;Lotte.Grouvel@ctest.fr;France;Plymouth;americanexpress;
754;Sibby;Boon;;France;;americanexpress;Finance
755;Kimberlee;Mounfield;;Switzerland;;visa;
756;Carlee;Fassan;;France;;maestro;n/a
757;Dawna;Jannasch;Dawna.Jannasch@ctest.fr;France;Ford;maestro;
758;Yul;Courteney;Yul.Courteney@ctest.fr;France;Lincoln;visa;
759;Ginnie;Eskrick;;France;;mastercard;Consumer Services
760;Elita;McGeaney;Elita.McGeaney@ctest.fr;France;Kia;mastercard;
761;Elizabeth;Deeson;Elizabeth.Deeson@ctest.fr;France;Ferrari;americanexpress;Basic Industries
762;Midge;Saundercock;Midge.Saundercock@ctest.fr;Germany;Toyota;americanexpress;
763;Dulcinea;Pratchett;Dulcinea.Pratchett@ctest.fr;France;Saab;americanexpress;
764;Abrahan;Mulvaney;Abrahan.Mulvaney@ctest.fr;France;Pontiac;maestro;
765;Trudey;Osichev;Trudey.Osichev@ctest.fr;France;Oldsmobile;mastercard;
766;Lucie;Sehorsch;Lucie.Sehorsch@ctest.fr;France;Nissan;visa;Capital Goods
767;Salome;Desseine;Salome.Desseine@ctest.fr;France;Chevrolet;visa;Consumer Non-Durables
768;Arlette;Epgrave;Arlette.Epgrave@ctest.fr;France;Suzuki;maestro;n/a
769;Truda;Bathoe;;France;;maestro;
770;Dasha;Lettson;Dasha.Lettson@ctest.fr;France;Pontiac;visa;Technology
771;Yevette;Blackader;Yevette.Blackader@ctest.fr;France;Mazda;americanexpress;Technology
772;Nealon;Greaves;Nealon.Greaves@ctest.fr;France;Infiniti;americanexpress;Consumer Services
773;Marie;Abrahamovitz;Marie.Abrahamovitz@ctest.fr;France;Maserati;maestro;
774;Delmar;Le Noire;;France;;mastercard;Consumer Services
775;Llywellyn;Yosifov;Llywellyn.Yosifov@ctest.fr;France;Mazda;visa;
776;Else;Simonsen;Else.Simonsen@ctest.fr;France;Hyundai;americanexpress;
777;Ellen;Kersting;Ellen.Kersting@ctest.fr;France;Chevrolet;mastercard;n/a
778;Tracy;Richter;Tracy.Richter@ctest.fr;France;Plymouth;mastercard;
779;Lisha;Swannell;;France;;maestro;Consumer Non-Durables
780;Ingaborg;Danzey;;France;;mastercard;Technology
781;Constance;Coppins;;Spain;;americanexpress;
782;Elmo;Forestall;Elmo.Forestall@ctest.fr;France;Mitsubishi;maestro;
783;Claudell;Gerriessen;Claudell.Gerriessen@ctest.fr;France;Chevrolet;maestro;
784;Oates;Attle;Oates.Attle@ctest.fr;France;Nissan;mastercard;Finance
785;Tatum;McGreil;Tatum.McGreil@ctest.fr;France;Volkswagen;americanexpress;Finance
786;Kermit;Nussgen;Kermit.Nussgen@ctest.fr;Germany;Mitsubishi;americanexpress;Consumer Services
787;Timothee;Willment;Timothee.Willment@ctest.fr;France;Infiniti;mastercard;
788;Sheeree;Warriner;;France;;americanexpress;Finance
789;Mike;Farraway;Mike.Farraway@ctest.fr;France;Buick;mastercard;Finance
790;Bibbye;Seeborne;Bibbye.Seeborne@ctest.fr;France;Ford;americanexpress;Consumer Services
791;Eran;Sey;Eran.Sey@ctest.fr;France;Ford;americanexpress;Public Utilities
792;Valle;Clutterham;Valle.Clutterham@ctest.fr;France;Mitsubishi;americanexpress;Consumer Durables
793;Blinni;Dominico;Blinni.Dominico@ctest.fr;France;Audi;americanexpress;n/a
794;Audrye;Chiddy;;France;;mastercard;Energy
795;Ellery;Luxmoore;Ellery.Luxmoore@ctest.fr;France;GMC;americanexpress;
796;Andrei;Sterland;Andrei.Sterland@ctest.fr;France;Aston Martin;visa;
797;Sosanna;Hattoe;Sosanna.Hattoe@ctest.fr;Switzerland;Audi;mastercard;Technology
798;Mikol;Gooderidge;;France;;americanexpress;Technology
799;Clayson;Wass;Clayson.Wass@ctest.fr;France;BMW;maestro;
800;Alexi;Debold;;France;;americanexpress;
801;Ray;Munsey;Ray.Munsey@ctest.fr;France;Chevrolet;visa;n/a
802;Wilow;Kinton;Wilow.Kinton@ctest.fr;France;Mitsubishi;americanexpress;
803;Lin;Walczak;Lin.Walczak@ctest.fr;Spain;Chrysler;americanexpress;
804;Sigmund;Code;Sigmund.Code@ctest.fr;France;Mazda;visa;Finance
805;Gayle;Bonick;Gayle.Bonick@ctest.fr;France;Chevrolet;mastercard;Finance
806;Alana;Mattisssen;Alana.Mattisssen@ctest.fr;France;Nissan;mastercard;Finance
807;Fianna;Eatttok;Fianna.Eatttok@ctest.fr;France;Chevrolet;americanexpress;Finance
808;Cora;O'Giany;;France;;americanexpress;Energy
809;Rosalyn;Castillon;Rosalyn.Castillon@ctest.fr;France;GMC;americanexpress;
810;Shanna;Houldin;;Germany;;visa;Basic Industries
811;Tessie;Wile;;France;;americanexpress;
812;Mallorie;Motto;;France;;mastercard;
813;Rhonda;McReynold;Rhonda.McReynold@ctest.fr;France;Dodge;americanexpress;Finance
814;Carney;Shipman;Carney.Shipman@ctest.fr;France;Lexus;americanexpress;Health Care
815;Stanly;Cayton;Stanly.Cayton@ctest.fr;France;Chrysler;americanexpress;
816;Noell;Luberto;;France;;mastercard;Energy
817;Onofredo;Regglar;;France;;maestro;Finance
818;Merci;Cirlos;Merci.Cirlos@ctest.fr;France;Volvo;visa;Technology
819;Marven;Muldrew;Marven.Muldrew@ctest.fr;France;Acura;americanexpress;
820;Petronille;Filipczynski;Petronille.Filipczynski@ctest.fr;Germany;Ford;americanexpress;Basic Industries
821;Dan;Fordyce;Dan.Fordyce@ctest.fr;France;Ford;mastercard;Capital Goods
822;Katherina;Delacroux;Katherina.Delacroux@ctest.fr;Germany;Audi;visa;
823;Meghann;Capstake;;Spain;;visa;Consumer Non-Durables
824;Tremaine;Dirkin;Tremaine.Dirkin@ctest.fr;France;Subaru;maestro;Finance
825;Hedvige;McIlharga;;France;;americanexpress;
826;Malynda;Meenan;Malynda.Meenan@ctest.fr;Germany;Suzuki;visa;Finance
827;Gilbert;Deighton;Gilbert.Deighton@ctest.fr;France;Mitsubishi;visa;n/a
828;Marven;Lesurf;Marven.Lesurf@ctest.fr;France;Jaguar;visa;Technology
829;Cal;Bahike;Cal.Bahike@ctest.fr;Switzerland;Lotus;mastercard;n/a
830;Chicky;Insoll;Chicky.Insoll@ctest.fr;France;Volvo;americanexpress;
831;Nichole;Hamberstone;;France;;mastercard;Consumer Non-Durables
832;Wesley;Quirk;;Italy;;mastercard;Finance
833;Dell;Rolfe;Dell.Rolfe@ctest.fr;Switzerland;Lotus;americanexpress;Capital Goods
834;Winona;McPherson;Winona.McPherson@ctest.fr;France;Mitsubishi;maestro;Public Utilities
835;Mag;Oldford;Mag.Oldford@ctest.fr;France;Buick;americanexpress;
836;Robbie;Blumer;Robbie.Blumer@ctest.fr;France;Chevrolet;mastercard;Consumer Durables
837;Brinna;Folomkin;Brinna.Folomkin@ctest.fr;France;Mercury;americanexpress;Capital Goods
838;Kennett;Guthrie;Kennett.Guthrie@ctest.fr;France;Toyota;americanexpress;
839;Tarrance;Waples;;France;;mastercard;Finance
840;Clemmy;Sawforde;;France;;mastercard;Consumer Non-Durables
841;Joseph;Placide;Joseph.Placide@ctest.fr;Germany;Toyota;americanexpress;Basic Industries
842;Philippe;Coniam;Philippe.Coniam@ctest.fr;France;Kia;mastercard;Finance
843;Rosalynd;Greep;Rosalynd.Greep@ctest.fr;France;Dodge;maestro;n/a
844;Cary;Rubinovitch;;France;;maestro;Public Utilities
845;Gal;Burwood;Gal.Burwood@ctest.fr;France;Nissan;visa;
846;Glendon;McDermott-Row;Glendon.McDermott-Row@ctest.fr;France;Maybach;mastercard;Finance
847;Farrah;Brandino;Farrah.Brandino@ctest.fr;France;Mitsubishi;maestro;Energy
848;Carlynn;Jentgens;;Belgium;;maestro;
849;Mathian;McGinnis;Mathian.McGinnis@ctest.fr;France;Chevrolet;visa;Capital Goods
850;Eudora;Gulk;Eudora.Gulk@ctest.fr;France;Pontiac;mastercard;
851;Hobie;Biasioli;;France;;visa;n/a
852;Genny;Cardew;;France;;americanexpress;Miscellaneous
853;Kelsey;Posselt;Kelsey.Posselt@ctest.fr;France;Pontiac;americanexpress;Public Utilities
854;Roland;Bonham;;France;;visa;
855;Rasia;Phuprate;Rasia.Phuprate@ctest.fr;France;Subaru;americanexpress;
856;Omero;Utton;Omero.Utton@ctest.fr;Germany;Suzuki;maestro;
857;Berti;Bust;Berti.Bust@ctest.fr;France;Lexus;maestro;
858;Eward;Jarnell;Eward.Jarnell@ctest.fr;France;Dodge;mastercard;
859;Alfons;Abrahamsen;;France;;americanexpress;
860;Eleonore;Darben;Eleonore.Darben@ctest.fr;France;Isuzu;americanexpress;Finance
861;Gris;Pycock;Gris.Pycock@ctest.fr;Spain;Mercury;maestro;Health Care
862;Beulah;Winkell;Beulah.Winkell@ctest.fr;France;Honda;visa;
863;Clare;Riolfi;Clare.Riolfi@ctest.fr;France;Toyota;mastercard;Finance
864;Silva;Hoofe;Silva.Hoofe@ctest.fr;France;Porsche;mastercard;Finance
865;Tawsha;Townes;Tawsha.Townes@ctest.fr;France;Toyota;mastercard;Technology
866;Torrie;Lyttle;;France;;americanexpress;n/a
867;Tobey;Lonnon;;France;;americanexpress;
868;Edouard;Dumingo;Edouard.Dumingo@ctest.fr;France;GMC;visa;Finance
869;Kennie;Haysey;;France;;visa;
870;Sibley;Rabl;;France;;mastercard;Health Care
871;Augustin;Lagen;Augustin.Lagen@ctest.fr;France;Subaru;maestro;Finance
872;Vonni;Kyme;Vonni.Kyme@ctest.fr;France;Dodge;maestro;Finance
873;Stefa;Torel;;France;;maestro;Health Care
874;Rosamund;Shard;Rosamund.Shard@ctest.fr;France;Chrysler;maestro;
875;Mervin;Lune;Mervin.Lune@ctest.fr;France;Toyota;maestro;Transportation
876;Jonathon;McAllister;Jonathon.McAllister@ctest.fr;France;Ford;mastercard;Energy
877;Malynda;Ryhorovich;Malynda.Ryhorovich@ctest.fr;France;Hyundai;mastercard;n/a
878;Nonna;Rosenhaus;Nonna.Rosenhaus@ctest.fr;France;GMC;visa;
879;Marcello;Biasotti;Marcello.Biasotti@ctest.fr;France;Buick;maestro;Consumer Non-Durables
880;Wendie;Lewzey;Wendie.Lewzey@ctest.fr;France;Subaru;mastercard;
881;Coletta;Fulcher;Coletta.Fulcher@ctest.fr;Spain;Ferrari;maestro;
882;Dniren;Gatling;Dniren.Gatling@ctest.fr;France;Chrysler;americanexpress;
883;Lexis;Medforth;;France;;mastercard;
884;Myrtle;O'Riordan;Myrtle.O'Riordan@ctest.fr;France;Ford;maestro;
885;Georgena;Wooffinden;Georgena.Wooffinden@ctest.fr;Germany;BMW;maestro;
886;Gale;Duplan;Gale.Duplan@ctest.fr;France;Honda;visa;n/a
887;Marya;Priestner;;Germany;;americanexpress;
888;Liana;Castiglioni;Liana.Castiglioni@ctest.fr;France;Hyundai;maestro;Basic Industries
889;Wright;Free;Wright.Free@ctest.fr;Germany;Volkswagen;maestro;
890;Syman;Burnsides;Syman.Burnsides@ctest.fr;Germany;Ford;maestro;
891;Thor;Milborn;;France;;americanexpress;n/a
892;Esmeralda;Iacovelli;Esmeralda.Iacovelli@ctest.fr;France;Toyota;mastercard;n/a
893;Eloisa;Pendleton;Eloisa.Pendleton@ctest.fr;France;Toyota;visa;
894;Megen;Stocks;Megen.Stocks@ctest.fr;France;Nissan;visa;
895;Jorgan;Reynoldson;Jorgan.Reynoldson@ctest.fr;Italy;Mitsubishi;americanexpress;Finance
896;Briggs;Bagby;;France;;maestro;
897;Kaia;Cobby;;France;;visa;
898;Nonnah;Grahlmans;Nonnah.Grahlmans@ctest.fr;France;Ford;maestro;Consumer Services
899;Barnie;Frostdyke;;Spain;;maestro;Consumer Services
900;Gisele;Paxeford;Gisele.Paxeford@ctest.fr;France;Toyota;americanexpress;n/a
901;Erroll;Fowles;Erroll.Fowles@ctest.fr;France;Toyota;mastercard;
902;Abeu;Westmerland;Abeu.Westmerland@ctest.fr;France;Mitsubishi;americanexpress;Finance
903;Nance;Simnel;;France;;visa;Finance
904;Zarla;Velasquez;Zarla.Velasquez@ctest.fr;Germany;Mitsubishi;maestro;n/a
905;Artur;Scrimshire;;France;;visa;n/a
906;Filip;Esterbrook;Filip.Esterbrook@ctest.fr;France;Cadillac;visa;Capital Goods
907;Marti;Raynard;;France;;maestro;
908;Ryley;Lindstedt;;Spain;;visa;Capital Goods
909;Alyss;Desvignes;Alyss.Desvignes@ctest.fr;France;Buick;mastercard;Finance
910;Redd;Hitzschke;Redd.Hitzschke@ctest.fr;France;Honda;mastercard;Consumer Services
911;Dun;Rapelli;;France;;americanexpress;Health Care
912;Lenee;Cuell;Lenee.Cuell@ctest.fr;France;GMC;americanexpress;
913;Perle;Ankrett;Perle.Ankrett@ctest.fr;France;Acura;mastercard;Health Care
914;Jody;Colling;Jody.Colling@ctest.fr;France;Mitsubishi;mastercard;
915;Alfi;Leith;Alfi.Leith@ctest.fr;France;Infiniti;mastercard;
916;Janeta;Saurat;Janeta.Saurat@ctest.fr;France;Audi;maestro;Health Care
917;Archambault;Van Der Weedenburg;;France;;americanexpress;
918;Cyndi;Heephy;;France;;visa;Finance
919;Nessi;Anchor;Nessi.Anchor@ctest.fr;France;Acura;maestro;
920;Gabie;Pittam;Gabie.Pittam@ctest.fr;France;Toyota;americanexpress;
921;Charles;Keyson;;France;;visa;
922;Louisa;Gladtbach;;France;;mastercard;
923;Symon;Smy;Symon.Smy@ctest.fr;France;Infiniti;mastercard;
924;Rona;Wybrow;Rona.Wybrow@ctest.fr;France;Toyota;americanexpress;n/a
925;Lee;Gainor;;France;;mastercard;Finance
926;Mommy;Abramovitz;Mommy.Abramovitz@ctest.fr;France;Ford;visa;
927;Vaclav;Scantlebury;;France;;americanexpress;n/a
928;Gabrila;Croxon;;France;;maestro;
929;Aubrey;Phettis;Aubrey.Phettis@ctest.fr;France;Buick;maestro;
930;Milli;Playhill;Milli.Playhill@ctest.fr;France;Kia;mastercard;
931;Farrand;Eacott;Farrand.Eacott@ctest.fr;Germany;Chrysler;visa;
932;Gilbertina;Jessope;Gilbertina.Jessope@ctest.fr;France;Suzuki;maestro;Finance
933;Den;Voas;Den.Voas@ctest.fr;Spain;Honda;mastercard;
934;Oliviero;Shercliff;;France;;mastercard;Finance
935;Frank;Brecher;;France;;americanexpress;Finance
936;Chan;Sirette;Chan.Sirette@ctest.fr;Germany;Saab;americanexpress;
937;Barret;Wisson;Barret.Wisson@ctest.fr;France;Nissan;maestro;n/a
938;Von;Trundell;Von.Trundell@ctest.fr;Switzerland;Chevrolet;maestro;
939;Hatti;Landon;Hatti.Landon@ctest.fr;France;Mazda;mastercard;
940;Klaus;Arghent;;France;;visa;
941;Bram;Ivanichev;Bram.Ivanichev@ctest.fr;Germany;Mercury;mastercard;Health Care
942;Barbi;Causon;Barbi.Causon@ctest.fr;Italy;Mercedes-Benz;visa;Energy
943;Kylen;Lande;Kylen.Lande@ctest.fr;France;Ford;maestro;Consumer Services
944;Link;Jerok;;France;;mastercard;
945;Julian;Luckcuck;Julian.Luckcuck@ctest.fr;France;Lincoln;mastercard;Finance
946;Dewie;Waltho;;France;;americanexpress;
947;Bax;Hailey;Bax.Hailey@ctest.fr;France;Suzuki;visa;
948;Nobie;Rickford;;France;;visa;
949;Gregg;Sigars;Gregg.Sigars@ctest.fr;France;Chevrolet;visa;Health Care
950;Vally;Richings;Vally.Richings@ctest.fr;France;Kia;americanexpress;Finance
951;Patrice;Skala;Patrice.Skala@ctest.fr;France;Honda;visa;n/a
952;Violet;Renshell;Violet.Renshell@ctest.fr;France;Volkswagen;mastercard;Energy
953;Iolande;Gerard;;France;;visa;Technology
954;Linnet;Recher;;France;;americanexpress;
955;Iseabal;Krolik;Iseabal.Krolik@ctest.fr;France;Kia;americanexpress;Finance
956;Alanah;McCloud;;France;;visa;
957;Trev;Diggar;Trev.Diggar@ctest.fr;France;Nissan;mastercard;Health Care
958;Loren;Beeres;;Germany;;mastercard;Finance
959;Jacquie;Philipard;Jacquie.Philipard@ctest.fr;France;Mercedes-Benz;mastercard;Technology
960;Dennis;Wolfenden;Dennis.Wolfenden@ctest.fr;France;Lincoln;visa;
961;Mercy;Braffington;Mercy.Braffington@ctest.fr;Italy;Mercury;mastercard;
962;Maitilde;Dreghorn;;France;;visa;
963;Ranee;Tokell;Ranee.Tokell@ctest.fr;France;Honda;visa;
964;Fiona;Larrington;Fiona.Larrington@ctest.fr;France;Toyota;visa;n/a
965;Chauncey;Oddie;;France;;mastercard;Consumer Services
966;Hamlin;Bister;;France;;visa;Consumer Services
967;Franky;Simpson;;France;;visa;
968;Moritz;Oliva;Moritz.Oliva@ctest.fr;Spain;Chevrolet;maestro;
969;Belicia;Santello;Belicia.Santello@ctest.fr;France;Bentley;visa;
970;Anet;Haet;;France;;mastercard;Consumer Durables
971;Joby;McKune;;France;;visa;n/a
972;Jere;Tayloe;Jere.Tayloe@ctest.fr;France;Mercury;visa;n/a
973;April;Storch;April.Storch@ctest.fr;France;BMW;maestro;Finance
974;Morie;Friedman;Morie.Friedman@ctest.fr;France;Geo;maestro;
975;Cary;Diviney;Cary.Diviney@ctest.fr;Germany;Subaru;maestro;n/a
976;Nehemiah;O' Loughran;Nehemiah.O' Loughran@ctest.fr;Germany;Acura;mastercard;n/a
977;Kelcy;Housley;Kelcy.Housley@ctest.fr;France;Chevrolet;americanexpress;
978;Lorene;Lanfranchi;Lorene.Lanfranchi@ctest.fr;France;Subaru;mastercard;
979;Inge;Goane;Inge.Goane@ctest.fr;France;Chevrolet;americanexpress;
980;Tonnie;Unworth;Tonnie.Unworth@ctest.fr;Spain;Chevrolet;americanexpress;
981;Shaylynn;Vineall;;France;;maestro;n/a
982;Cherye;Harry;Cherye.Harry@ctest.fr;Germany;Buick;maestro;Finance
983;Giselbert;Mounfield;Giselbert.Mounfield@ctest.fr;France;Lexus;maestro;Technology
984;Kimble;Maltster;Kimble.Maltster@ctest.fr;France;GMC;americanexpress;Public Utilities
985;Lara;Corish;Lara.Corish@ctest.fr;Spain;Toyota;visa;Public Utilities
986;Korella;Roll;;France;;mastercard;
987;Lory;Lockless;Lory.Lockless@ctest.fr;France;Mercedes-Benz;americanexpress;n/a
988;Kaja;Milham;;France;;americanexpress;Consumer Services
989;Avie;Wickardt;Avie.Wickardt@ctest.fr;France;Chevrolet;mastercard;Public Utilities
990;Gerrard;Wickett;;France;;visa;Energy
991;Fred;McCrohon;;France;;mastercard;
992;Carmine;Discombe;;France;;visa;Energy
993;Brock;Coultas;Brock.Coultas@ctest.fr;France;Mazda;maestro;
994;Sammy;MacCorkell;Sammy.MacCorkell@ctest.fr;France;Acura;visa;
995;Nealon;Clue;;Germany;;maestro;n/a
996;Silvan;Klagge;;France;;visa;Technology
997;Wilhelmine;Penke;Wilhelmine.Penke@ctest.fr;Spain;Chevrolet;maestro;
998;Francene;Ankers;;France;;visa;n/a
999;Walsh;Betteriss;Walsh.Betteriss@ctest.fr;France;Toyota;maestro;n/a
1000;Cinderella;Canfer;Cinderella.Canfer@ctest.fr;France;Toyota;maestro;
